0||http://robios8.me.wisc.edu
1||http://robios8.me.wisc.edu/~lumelsky/lumelsky.html
2||http://www.cae.wisc.edu/~ece552
3||http://www.cs.wisc.edu
4||http://www.cs.wisc.edu/condor
5||http://www.cs.wisc.edu/condor/next.html
6||http://www.cs.wisc.edu/coral
7||http://www.cs.wisc.edu/cpnet
8||http://www.cs.wisc.edu/exodus
9||http://www.cs.wisc.edu/paradise
10||http://www.cs.wisc.edu/scout
11||http://www.cs.wisc.edu/shore
12||http://www.cs.wisc.edu/~agupta/agupta.html
13||http://www.cs.wisc.edu/~alain/alain.html
14||http://www.cs.wisc.edu/~allex/allex.html
15||http://www.cs.wisc.edu/~amir/amir.html
16||http://www.cs.wisc.edu/~amos/amos.html
17||http://www.cs.wisc.edu/~arch/uwarch/courses/cs354.html
18||http://www.cs.wisc.edu/~arch/uwarch/courses/cs552.html
19||http://www.cs.wisc.edu/~arch/uwarch/courses/cs752.html
20||http://www.cs.wisc.edu/~arch/uwarch/courses/cs757.html
21||http://www.cs.wisc.edu/~arvind/arvind.html
22||http://www.cs.wisc.edu/~ashisht/ashisht.html
23||http://www.cs.wisc.edu/~ashraf/ashraf.html
24||http://www.cs.wisc.edu/~bach/bach.html
25||http://www.cs.wisc.edu/~bart/bart.html
26||http://www.cs.wisc.edu/~bart/cs736.html
27||http://www.cs.wisc.edu/~ben/ben.html
28||http://www.cs.wisc.edu/~bestor/bestor.html
29||http://www.cs.wisc.edu/~bestor/cs110/cs110.html
30||http://www.cs.wisc.edu/~bestor/cs302/cs302.html
31||http://www.cs.wisc.edu/~beyer/beyer.html
32||http://www.cs.wisc.edu/~bezenek/bezenek.html
33||http://www.cs.wisc.edu/~bockrath/bockrath.html
34||http://www.cs.wisc.edu/~bolo/bolo.html
35||http://www.cs.wisc.edu/~brad/brad.html
36||http://www.cs.wisc.edu/~breach/breach.html
37||http://www.cs.wisc.edu/~bsri/bsri.html
38||http://www.cs.wisc.edu/~burnett/burnett.html
39||http://www.cs.wisc.edu/~burnett/cs302.html
40||http://www.cs.wisc.edu/~cao/cao.html
41||http://www.cs.wisc.edu/~cao/cs736/cs736.html
42||http://www.cs.wisc.edu/~caol/caol.html
43||http://www.cs.wisc.edu/~carey/carey.html
44||http://www.cs.wisc.edu/~cchin/cchin.html
45||http://www.cs.wisc.edu/~chilimbi/chilimbi.html
46||http://www.cs.wisc.edu/~cs110/cs110.html
47||http://www.cs.wisc.edu/~cs132-1/cs132.html
48||http://www.cs.wisc.edu/~cs132-2/cs132.html
49||http://www.cs.wisc.edu/~cs132-3/cs132.html
50||http://www.cs.wisc.edu/~cs132-4/cs132.html
51||http://www.cs.wisc.edu/~cs302
52||http://www.cs.wisc.edu/~cs302/course.html
53||http://www.cs.wisc.edu/~cs302/cs302.html
54||http://www.cs.wisc.edu/~cs310-1/cs310.html
55||http://www.cs.wisc.edu/~cs310-2/cs310.html
56||http://www.cs.wisc.edu/~cs367-2/cs367.html
57||http://www.cs.wisc.edu/~cs367-3/cs367.html
58||http://www.cs.wisc.edu/~cs513-1/cs513.html
59||http://www.cs.wisc.edu/~cs520-1/cs520.html
60||http://www.cs.wisc.edu/~cs525-1/cs525.html
61||http://www.cs.wisc.edu/~cs537-1/cs537.html
62||http://www.cs.wisc.edu/~cs537-2/cs537.html
63||http://www.cs.wisc.edu/~cs564-1/cs564.html
64||http://www.cs.wisc.edu/~cs564-2/cs564.html
65||http://www.cs.wisc.edu/~cs577-1/cs577.html
66||http://www.cs.wisc.edu/~cs640-1/cs640.html
67||http://www.cs.wisc.edu/~cs726-1
68||http://www.cs.wisc.edu/~cs726-1/cs726.html
69||http://www.cs.wisc.edu/~cs737-1/cs737.html
70||http://www.cs.wisc.edu/~cs838-1/cs838.html
71||http://www.cs.wisc.edu/~cs838-2/cs838.html
72||http://www.cs.wisc.edu/~csashi/csashi.html
73||http://www.cs.wisc.edu/~curt/curt.html
74||http://www.cs.wisc.edu/~dailey/dailey.html
75||http://www.cs.wisc.edu/~david/david.html
76||http://www.cs.wisc.edu/~dburger/dburger.html
77||http://www.cs.wisc.edu/~deboor/cs412.html
78||http://www.cs.wisc.edu/~deboor/cs717.html
79||http://www.cs.wisc.edu/~deboor/deboor.html
80||http://www.cs.wisc.edu/~deboor/ma887.html
81||http://www.cs.wisc.edu/~devise
82||http://www.cs.wisc.edu/~dewitt/dewitt.html
83||http://www.cs.wisc.edu/~dsilva/cs110.html
84||http://www.cs.wisc.edu/~dyer/cs540.html
85||http://www.cs.wisc.edu/~dyer/cs766.html
86||http://www.cs.wisc.edu/~dyer/dyer.html
87||http://www.cs.wisc.edu/~dzimm/cs302.html
88||http://www.cs.wisc.edu/~dzimm/dzimm.html
89||http://www.cs.wisc.edu/~ejhazen/ejhazen.html
90||http://www.cs.wisc.edu/~eliassi/eliassi.html
91||http://www.cs.wisc.edu/~ericro/ericro.html
92||http://www.cs.wisc.edu/~falsafi/falsafi.html
93||http://www.cs.wisc.edu/~ferris/cs525-all.html
94||http://www.cs.wisc.edu/~ferris/cs719.html
95||http://www.cs.wisc.edu/~ferris/cs733.html
96||http://www.cs.wisc.edu/~ferris/ferris.html
97||http://www.cs.wisc.edu/~finton/finton.html
98||http://www.cs.wisc.edu/~fischer/cs701.html
99||http://www.cs.wisc.edu/~fischer/fischer.html
100||http://www.cs.wisc.edu/~flisakow/flisakow.html
101||http://www.cs.wisc.edu/~galileo
102||http://www.cs.wisc.edu/~geery/geery.html
103||http://www.cs.wisc.edu/~glaserea/glaserea.html
104||http://www.cs.wisc.edu/~goodman/goodman.html
105||http://www.cs.wisc.edu/~greg/cs302.html
106||http://www.cs.wisc.edu/~greg/greg.html
107||http://www.cs.wisc.edu/~guangshu/guangshu.html
108||http://www.cs.wisc.edu/~gviswana/gviswana.html
109||http://www.cs.wisc.edu/~harit/harit.html
110||http://www.cs.wisc.edu/~hasti/hasti.html
111||http://www.cs.wisc.edu/~hcl/cs302.html
112||http://www.cs.wisc.edu/~hcl/hcl.html
113||http://www.cs.wisc.edu/~hert/hert.html
114||http://www.cs.wisc.edu/~hog/hog.html
115||http://www.cs.wisc.edu/~horwitz/cs536/cs536.html
116||http://www.cs.wisc.edu/~horwitz/horwitz.html
117||http://www.cs.wisc.edu/~hummert/cs110/cs110.html
118||http://www.cs.wisc.edu/~hummert/hummert.html
119||http://www.cs.wisc.edu/~iigor/iigor.html
120||http://www.cs.wisc.edu/~iss/userid.html
121||http://www.cs.wisc.edu/~jbasney/jbasney.html
122||http://www.cs.wisc.edu/~jerel/jerel.html
123||http://www.cs.wisc.edu/~jherro/jherro.html
124||http://www.cs.wisc.edu/~jiebing/jiebing.html
125||http://www.cs.wisc.edu/~jignesh/jignesh.html
126||http://www.cs.wisc.edu/~joev/joev.html
127||http://www.cs.wisc.edu/~johannes/johannes.html
128||http://www.cs.wisc.edu/~jonb/cs132/index.html
129||http://www.cs.wisc.edu/~jonb/jonb.html
130||http://www.cs.wisc.edu/~jshabel/jshabel.html
131||http://www.cs.wisc.edu/~jussi/jussi.html
132||http://www.cs.wisc.edu/~jyothi/jyothi.html
133||http://www.cs.wisc.edu/~karavan/karavan.html
134||http://www.cs.wisc.edu/~kaxiras/kaxiras.html
135||http://www.cs.wisc.edu/~kristint/kristint.html
136||http://www.cs.wisc.edu/~krung/krung.html
137||http://www.cs.wisc.edu/~kunen/cs540.html
138||http://www.cs.wisc.edu/~kunen/kunen.html
139||http://www.cs.wisc.edu/~larus/larus.html
140||http://www.cs.wisc.edu/~leavy/leavy.html
141||http://www.cs.wisc.edu/~lederman/lederman.html
142||http://www.cs.wisc.edu/~lhl/lhl.html
143||http://www.cs.wisc.edu/~lloyd/lloyd.html
144||http://www.cs.wisc.edu/~manuvir/manuvir.html
145||http://www.cs.wisc.edu/~markhill/cs752.html
146||http://www.cs.wisc.edu/~markhill/cs752/fall94-95/cs752.html
147||http://www.cs.wisc.edu/~markhill/markhill.html
148||http://www.cs.wisc.edu/~mbirk/cs110
149||http://www.cs.wisc.edu/~mbirk/cs302
150||http://www.cs.wisc.edu/~mbirk/mbirk.html
151||http://www.cs.wisc.edu/~mcauliff/mcauliff.html
152||http://www.cs.wisc.edu/~mds/mds.html
153||http://www.cs.wisc.edu/~mellen/mellen.html
154||http://www.cs.wisc.edu/~melski/cs302.html
155||http://www.cs.wisc.edu/~melski/melski.html
156||http://www.cs.wisc.edu/~milo/cs302.html
157||http://www.cs.wisc.edu/~milo/milo.html
158||http://www.cs.wisc.edu/~minos/minos.html
159||http://www.cs.wisc.edu/~mjrg/mjrg.html
160||http://www.cs.wisc.edu/~morgan/morgan.html
161||http://www.cs.wisc.edu/~moshovos/moshovos.html
162||http://www.cs.wisc.edu/~mreames/cs302.html
163||http://www.cs.wisc.edu/~mreames/mreames.html
164||http://www.cs.wisc.edu/~mscalar
165||http://www.cs.wisc.edu/~msteele/cs302.html
166||http://www.cs.wisc.edu/~msteele/msteele.html
167||http://www.cs.wisc.edu/~myuin/myuin.html
168||http://www.cs.wisc.edu/~natassa/natassa.html
169||http://www.cs.wisc.edu/~naughton/naughton.html
170||http://www.cs.wisc.edu/~navin/navin.html
171||http://www.cs.wisc.edu/~newhall/newhall.html
172||http://www.cs.wisc.edu/~nhall/nhall.html
173||http://www.cs.wisc.edu/~nsp/nsp.html
174||http://www.cs.wisc.edu/~olvi/olvi.html
175||http://www.cs.wisc.edu/~olvi/uwmp/cancer.html
176||http://www.cs.wisc.edu/~olvi/uwmp/pat_sep.html
177||http://www.cs.wisc.edu/~paradyn
178||http://www.cs.wisc.edu/~parker/parker.html
179||http://www.cs.wisc.edu/~paulb/paulb.html
180||http://www.cs.wisc.edu/~pdevries/pdevries.html
181||http://www.cs.wisc.edu/~plakal/plakal.html
182||http://www.cs.wisc.edu/~pmd/pmd.html
183||http://www.cs.wisc.edu/~poosala/poosala.html
184||http://www.cs.wisc.edu/~praveen/projects/seq.html
185||http://www.cs.wisc.edu/~prock/cs302.html
186||http://www.cs.wisc.edu/~prock/prock.html
187||http://www.cs.wisc.edu/~pubs/faculty-info/condon.html
188||http://www.cs.wisc.edu/~pubs/faculty-info/miron.html
189||http://www.cs.wisc.edu/~pubs/faculty-info/vernon.html
190||http://www.cs.wisc.edu/~raghu/raghu.html
191||http://www.cs.wisc.edu/~rahul/rahul.html
192||http://www.cs.wisc.edu/~raji/raji.html
193||http://www.cs.wisc.edu/~raman/raman.html
194||http://www.cs.wisc.edu/~ramasamy/ramasamy.html
195||http://www.cs.wisc.edu/~ratliff/132.html
196||http://www.cs.wisc.edu/~ratliff/ratliff.html
197||http://www.cs.wisc.edu/~rcarl/rcarl.html
198||http://www.cs.wisc.edu/~reps/reps.html
199||http://www.cs.wisc.edu/~rmanning/cs110.html
200||http://www.cs.wisc.edu/~saeed/saeed.html
201||http://www.cs.wisc.edu/~sally/cs132.html
202||http://www.cs.wisc.edu/~sally/sally.html
203||http://www.cs.wisc.edu/~samit/samit.html
204||http://www.cs.wisc.edu/~sashwin/sashwin.html
205||http://www.cs.wisc.edu/~sastry/sastry.html
206||http://www.cs.wisc.edu/~scal/scal.html
207||http://www.cs.wisc.edu/~schandra/schandra.html
208||http://www.cs.wisc.edu/~schnarr/schnarr.html
209||http://www.cs.wisc.edu/~schoinas/schoinas.html
210||http://www.cs.wisc.edu/~seitz/animation.html
211||http://www.cs.wisc.edu/~seitz/interp/interp.html
212||http://www.cs.wisc.edu/~seitz/interp/vmorph.html
213||http://www.cs.wisc.edu/~seitz/pmotion.html
214||http://www.cs.wisc.edu/~seitz/seitz.html
215||http://www.cs.wisc.edu/~shavlik/cs540-all.html
216||http://www.cs.wisc.edu/~shavlik/cs760.html
217||http://www.cs.wisc.edu/~shavlik/shavlik.html
218||http://www.cs.wisc.edu/~shavlik/uwml.html
219||http://www.cs.wisc.edu/~shubu/shubu.html
220||http://www.cs.wisc.edu/~skrentny/skrentny.html
221||http://www.cs.wisc.edu/~so/so.html
222||http://www.cs.wisc.edu/~so/travis.html
223||http://www.cs.wisc.edu/~sodani/sodani.html
224||http://www.cs.wisc.edu/~sohi/sohi.html
225||http://www.cs.wisc.edu/~solomon/cs736.html
226||http://www.cs.wisc.edu/~solomon/solomon.html
227||http://www.cs.wisc.edu/~ssl/ssl.html
228||http://www.cs.wisc.edu/~stenglei/stenglei.html
229||http://www.cs.wisc.edu/~stever/stever.html
230||http://www.cs.wisc.edu/~strik/cs310.html
231||http://www.cs.wisc.edu/~strik/strik.html
232||http://www.cs.wisc.edu/~subbarao/subbarao.html
233||http://www.cs.wisc.edu/~suhui/cs132.html
234||http://www.cs.wisc.edu/~suhui/suhui.html
235||http://www.cs.wisc.edu/~sundaram/sundaram.html
236||http://www.cs.wisc.edu/~swanderb/swanderb.html
237||http://www.cs.wisc.edu/~tamches/tamches.html
238||http://www.cs.wisc.edu/~tick/cs110.html
239||http://www.cs.wisc.edu/~tick/tick.html
240||http://www.cs.wisc.edu/~tmunson/302/home.html
241||http://www.cs.wisc.edu/~tmunson/tmunson.html
242||http://www.cs.wisc.edu/~toonen/toonen.html
243||http://www.cs.wisc.edu/~tsiolis/tsiolis.html
244||http://www.cs.wisc.edu/~turnidge/cs302.html
245||http://www.cs.wisc.edu/~turnidge/turnidge.html
246||http://www.cs.wisc.edu/~twang/twang.html
247||http://www.cs.wisc.edu/~vganti/vganti.html
248||http://www.cs.wisc.edu/~vijay/vijay.html
249||http://www.cs.wisc.edu/~watrous/watrous.html
250||http://www.cs.wisc.edu/~weaver/cs302.html
251||http://www.cs.wisc.edu/~weaver/weaver.html
252||http://www.cs.wisc.edu/~weiruc/weiruc.html
253||http://www.cs.wisc.edu/~weiz/weiz.html
254||http://www.cs.wisc.edu/~wenger/wenger.html
255||http://www.cs.wisc.edu/~wwt
256||http://www.cs.wisc.edu/~yannis/yannis.html
257||http://www.cs.wisc.edu/~zhang/zhang.html
258||http://www.cs.wisc.edu/~zhao/zhao.html
259||http://www.cs.wisc.edu/~zhichen/zhichen.html
260||http://www.cs.wisc.edu/~zj/zj.html
261||http://www.ece.wisc.edu/~jes/ece752.html
262||http://www.engr.wisc.edu/ece/faculty/saluja_kewal.html
263||http://www.engr.wisc.edu/me/faculty/duffie_neil.html
264||http://www.engr.wisc.edu/me/faculty/shapiro_vadim.html
